Dataset,ACC,AUC
R_test_lt,0.6193939393939394,0.6619305785123968
