Dataset,ACC,AUC
R_test_linked,0.5903030303030303,0.6647338842975208
