Dataset,ACC,AUC
R_test_lt,0.6036363636363636,0.6715173553719008
