Dataset,ACC,AUC
R_test_lt,0.5854545454545454,0.6338115702479339
