Dataset,ACC,AUC
R_test_linked,0.6618181818181819,0.7453157024793388
