Dataset,ACC,AUC
R_test_lt,0.5963636363636363,0.6996033057851239
