Dataset,ACC,AUC
R_test_lt,0.6581818181818182,0.7649388429752068
