Dataset,ACC,AUC
R_test_lt,0.6557575757575758,0.755404958677686
